accuracy,precision,recall,f1
0.6666666666666666,0.75,0.75,0.6666666666666666
